bank_id,name,type,is_active,core_capital,liquid_assets,current_liabilities,deposits,interbank_borrowing,wholesale_funding,interbank_assets,interbank_liabilities,project_amount,solvency_ratio,capital_adequacy_ratio,liquidity_coverage_ratio,leverage_ratio,risk_appetite,market_volatility,loan_interest_rate,investment_interest_rate,outflow_rate
0,CentralBank,central,True,5445.198237398801,5388.653559913483,3886.535599134835,3095.8120237476305,0.0,790.7235753872046,0.0,0.0,3943.080276620154,1.4010416471187173,1.3809503878690543,3.0,1.0104932849840165,0.3,0.23908840224566094,0.00015384880185253277,0.00021586835412485398,0.2
1,Bank1,commercial,True,1640.5525363550069,1620.2036939157479,3208.8415833542376,2454.105215437474,0.0,754.7363679167637,0.0,0.0,3229.190425793496,0.5112600587279874,0.5080383377983577,1.2622964174365154,1.0125594346653208,0.9825369023915586,0.39676100579370094,0.0001526736014192972,0.00021226833894222457,0.35418141906736145
2,Bank2,commercial,True,608.4825445551432,1028.7300629485403,4202.47518393397,3084.422793673581,0.0,1118.0523902603886,0.0,0.0,3782.2276655405726,0.14479146643892687,0.16087940715435894,0.6119786660974034,0.5914890275593994,0.9502504089489333,0.21532537563484996,0.00017362877813485863,0.00021389159230107363,0.39170777652567973
3,Bank3,commercial,True,2850.4909596997704,2649.873347616455,4342.393095645971,3037.6091943181245,0.0,1304.7839013278463,0.0,0.0,4543.010707729286,0.6564331917709714,0.6274453535514319,1.525583525748411,1.07570837763348,0.7598382667265495,0.35633271166886843,0.00017467780215115922,0.0002369108297061184,0.37625419301924234
4,Bank4,commercial,True,755.6611366928728,878.9654185266329,1233.0428183376005,853.9423956599268,0.0,379.10042267767363,0.0,0.0,1109.7385365038404,0.6128425756625785,0.6809361951805815,1.7821064391576888,0.8597165721931258,0.9141995926254533,0.21145485026216926,0.00014588347647136985,0.00020737082517367653,0.488358730790759
5,Bank5,commercial,True,1787.8887215725313,2052.0245384891696,2641.35816916639,1883.3680092183142,0.0,757.9901599480758,0.0,0.0,2377.222352249751,0.6768823488016812,0.752091498668503,1.942205872004843,0.8712803809295657,0.7265320896695805,0.3690878868165284,0.0001524692527862872,0.00020239615451911772,0.310723850423609
6,Bank6,commercial,True,1744.948230199696,2072.8211961243355,3278.7296592463954,2337.286947053056,0.0,941.4427121933394,0.0,0.0,2950.8566933217558,0.5322025331604295,0.5913361479560129,1.5805063329014797,0.8418228419612251,0.7484375047893627,0.3101886499151563,0.0001551263051817259,0.0002272785214946583,0.38315655994512005
7,Bank7,commercial,True,1851.9753976824632,2181.595899418813,3296.205017363507,2435.2173156883064,0.0,860.9877016752009,0.0,0.0,2966.5845156271566,0.5618507914180705,0.6242786571311684,1.6546269785456018,0.8489085435918672,0.7737612023955586,0.3143407226986245,0.00017799545240846078,0.00020809256267993926,0.467713275665385
8,Bank8,commercial,True,720.7827455299639,1119.804383673454,3990.2163814349005,2932.70964319693,0.0,1057.5067382379707,0.0,0.0,3591.1947432914108,0.18063750850288135,0.20070834278097366,0.7015937712573165,0.6436684442731273,0.8885779127660319,0.2964870316076387,0.00013032238494215898,0.00021998648942127475,0.4965016631998596
9,Bank9,commercial,True,2420.657195919646,2358.7120124848725,3981.768138617203,2839.3014202409204,0.0,1142.4667183762826,0.0,0.0,4043.713322051976,0.6079352467669523,0.5986223560207005,1.480945104267178,1.026262291922823,0.9556054522592872,0.38594360998527855,0.00016528285778916657,0.0001940868516236012,0.4616617717780228
10,Bank10,commercial,True,1998.0263808343861,2241.0591007882426,2430.327199538571,1762.1026741741744,0.0,668.2245253643968,0.0,0.0,2187.2944795847143,0.8221223797408492,0.913469310823124,2.305305949352968,0.8915545244347788,0.8909623649492833,0.36977974256773505,0.0001711246223349044,0.0002304519965357565,0.42453259230740453
11,Bank11,commercial,True,1906.0053354148276,2117.035706369573,2110.30370954745,1575.950805726466,0.0,534.3529038209844,0.0,0.0,1899.2733385927052,0.9031900606489779,1.0035445118321449,2.5079751516235147,0.9003179916518584,0.7375374368906402,0.30117277141299503,0.00013070404606136407,0.00019504411858172315,0.48381131545402345
12,Bank12,commercial,True,2064.189610604856,2471.2554747673425,4070.658641624863,2857.754859386701,0.0,1212.903782238162,0.0,0.0,3663.5927774623765,0.5070898329564666,0.563433147729392,1.517724582391478,0.835279731974435,0.8396895647109175,0.23649019838842558,0.00013192099229426176,0.00022125431337871305,0.48768206701626027
13,Bank13,commercial,True,929.8627003630122,1243.0361139899642,3131.7341362695197,2227.716196027004,0.0,904.0179402425154,0.0,0.0,2818.5607226425677,0.2969162323179692,0.3299069247977318,0.99229058079516,0.7480576709694627,0.8399270706081835,0.24708027751716355,0.0001722077094231542,0.0002222235726841098,0.31344669791330415
14,Bank14,commercial,True,1491.4103671326538,1911.178313614636,4197.679464819817,3082.288258539617,0.0,1115.3912062802,0.0,0.0,3777.911518337836,0.3552940093762772,0.3947711215291865,1.1382350234409049,0.7803617048747011,0.7036497261136805,0.3089895638200236,0.00014918908143068523,0.00021624312485065325,0.4464511178396191
15,Bank15,commercial,True,1057.5009006369196,1194.5939504804721,3404.157441502582,2240.0093734460943,0.0,1164.1480680564878,0.0,0.0,3267.0643916590298,0.3106498212285481,0.3236853559839365,0.8773051562747219,0.8852387877995714,0.740376267381,0.34846379550058926,0.00015375860268868868,0.0002364660515461504,0.44585103360411893
16,Bank16,commercial,True,1035.6676881762855,1397.3186998431368,3616.5101166685113,2856.0697733171037,0.0,760.4403433514076,0.0,0.0,3254.8591050016603,0.28637212527143285,0.3181912503015823,0.9659303131787801,0.7411821571498389,0.7333457140968757,0.3820294127505209,0.00015882966412833583,0.00022256334061642352,0.3631779840039151
17,Bank17,commercial,True,1511.6932800892755,1740.810632774503,2291.1735268522743,1731.0837406902178,0.0,560.0897861620563,0.0,0.0,2062.056174167047,0.6597899558334429,0.733099950926012,1.899474889584327,0.8683846775907333,0.8151138781371007,0.347898604135318,0.00017915725169590234,0.0002224755821137658,0.4992053605779819
18,Bank18,commercial,True,602.4536683704634,730.2806879855303,1278.2701961506707,952.9111168024613,0.0,325.3590793482094,0.0,0.0,1150.4431765356037,0.47130385280373105,0.5236709475596556,1.428259632010249,0.8249617965819404,0.9724823295639065,0.23049477356111303,0.00016941716180959214,0.00020562478529265575,0.36143979561823625
19,Bank19,commercial,True,920.9060331856208,1133.8543321505533,2129.482989649326,1456.055726792221,0.0,673.4272628571049,0.0,0.0,1916.5346906843936,0.4324552192534016,0.4805057991704211,1.3311380481340114,0.8121907788967468,0.8984076236276111,0.20033103002599223,0.00016759962935639533,0.00021051883990272504,0.355178810521141
20,Bank20,commercial,True,666.8020090946475,881.9548793525594,2151.5287025791195,1508.9021569006093,0.0,642.6265456785101,0.0,0.0,1936.3758323212076,0.3099201085697888,0.34435567618863644,1.024800271424832,0.756050025578847,0.8237469005969884,0.28799937816206883,0.00017556798925160073,0.00023058649923130486,0.36200599975705516
21,Bank21,shadow,True,1710.7427830707447,2015.2678149423803,3045.2503187163566,469.86525123430033,0.0,2575.3850674820565,0.0,0.0,2740.725286844721,0.5617741085374225,0.6241934539304467,1.6544352713440171,0.8488910359136603,0.9565749382503236,0.32803138515984825,0.00017753119428437665,0.00019517080551425623,0.3423016986991365
22,Bank22,shadow,True,1116.756939925393,836.3064906758515,2030.1194520077684,321.7693873408713,0.0,1708.3500646668972,0.0,0.0,2310.56990125731,0.5500942020039171,0.4833253213058908,1.0298735006070117,1.3353441021623107,0.933597670462282,0.25720584886390524,0.00015474969524336427,0.0002339681343402179,0.4782524411257924
23,Bank23,shadow,True,682.4422417953756,825.5752784114503,1431.330366160747,219.40243994390815,0.0,1211.9279262168388,0.0,0.0,1288.1973295446724,0.47678876793860775,0.529765297709523,1.4419719198473522,0.8266263048812289,0.9884450031189188,0.31811616031560236,0.00015317751379020998,0.00021398192230216416,0.385875596761405
24,Bank24,shadow,True,746.9051564921247,982.8711028375754,2359.6594634545113,363.4912035454342,0.0,1996.1682599090773,0.0,0.0,2123.6935171090604,0.3165309096755633,0.35170101075060933,1.0413272741892432,0.7599217784865476,0.9193655087355906,0.3761264518580272,0.00017920392988918067,0.00022001438727184479,0.4322963241238317
25,Bank25,shadow,True,1946.40873504383,2036.397970605191,899.8923556136086,128.57070999466512,0.0,771.3216456189435,0.0,0.0,809.9031200522478,2.1629350698445164,1.5,3.0,0.955809602611432,0.819000569993302,0.3278698947986679,0.00014273020773246752,0.00021379807103977374,0.394187133369522
26,Bank26,shadow,True,1080.9744983724345,1395.4167579211228,3144.4225954868866,477.3950821917695,0.0,2667.027513295117,0.0,0.0,2829.980335938198,0.3437751973680596,0.3819724415200527,1.109437993420422,0.7746606827211135,0.9710826640963475,0.23274605284399663,0.0001459737363602414,0.0002334331855821007,0.43001516817029284
27,Bank27,shadow,True,1044.1668582746752,1272.2745463523952,2281.076880777203,367.78650568390935,0.0,1913.2903750932937,0.0,0.0,2052.969192699483,0.45775171677617965,0.5086130186401747,1.3943792919409503,0.8207087544645735,0.9539853705649455,0.2420450578944422,0.0001475303924232502,0.00023004205585954593,0.4758960927817602
28,Bank28,shadow,True,3402.822962039068,2351.8048996955217,3232.0225561735883,447.19064603356503,0.0,2784.8319101400234,0.0,0.0,4283.040618517135,1.052846291415317,0.7944876701207637,1.819143321883123,1.4468984916555665,0.8514133147499356,0.3591423511763655,0.00014923695992435492,0.00021044769384756225,0.37506020609248536
29,Bank29,shadow,True,1132.3499169256347,862.176402632987,2359.266512078109,338.11649807860783,0.0,2021.1500139995012,0.0,0.0,2629.4400263707566,0.47995845790552455,0.43064299073902523,0.9136064092580596,1.3133622231671567,0.9661249442892885,0.3579816129706144,0.00014082116618169678,0.00023454905660581164,0.4311978555087925
